{"scale_x": 0.9382352640353162, "scale_y": 1.0704698378171893, "center_x": -93.5510624384298, "center_y": 63.19298150817551}