{"scale_x": 0.9246666381488762, "scale_y": 1.0886970568014271, "center_x": -136.31082915904307, "center_y": -52.93056588621526}