{"center_x": -12.0, "center_y": -38.5, "scale_x": 0.004672897196261682, "scale_y": 0.005970149253731343}