{"center_x": -12.5, "center_y": -57.56134969325154, "scale_x": 1.0, "scale_y": 1.2791411042944785}