{"scale_x": 0.9330984924150468, "scale_y": 1.0772359044843318, "center_x": -15.402489396502924, "center_y": -27.87303231331653}