{"scale_x": 0.9437087770859607, "scale_y": 1.0634326227257995, "center_x": -90.45444756522774, "center_y": -51.99056931409743}