{"scale_x": 0.9332080833418924, "scale_y": 1.0770898780822087, "center_x": -94.766775369969, "center_y": 38.354107305164355}