{"scale_x": 0.9346989300976751, "scale_y": 1.075110686248586, "center_x": 11.871024922358872, "center_y": -40.06423574989426}