{"scale_x": 0.9355320126367864, "scale_y": 1.0740106186143623, "center_x": -12.919261730391336, "center_y": -46.01181196544515}