{"scale_x": 0.9314731114564435, "scale_y": 1.0794103812312232, "center_x": -2.624906429194391, "center_y": -16.59011437608701}