{
    "scale_x": 0.9322399035130191,
    "scale_y": 1.0783825092688832,
    "center_x": -26.934321368186968,
    "center_y": -100.85379616342954,
    "timestamp": "20250714_140622",
    "total_points": 186
}