{
    "scale_x": 0.9445169283816244,
    "scale_y": 1.0624082774759283,
    "center_x": -3.021723423998147,
    "center_y": -57.27786954967759,
    "timestamp": "20250714_141304",
    "total_points": 213
}