{"scale_x": 0.9234527117737464, "scale_y": 1.090384694793445, "center_x": -35.841318846240135, "center_y": 21.212989163228478}