{"scale_x": 0.9390201904034564, "scale_y": 1.0694498919747901, "center_x": -27.32339365148028, "center_y": 32.06410262194994}