{"scale_x": 0.9378552788840626, "scale_y": 1.0709649102259566, "center_x": -51.58410009745803, "center_y": 18.64804402413445}