{"scale_x": 0.9381977584115613, "scale_y": 1.0705186646920195, "center_x": 29.47568937331782, "center_y": -47.731660188214455}