{"scale_x": 0.9349104952501816, "scale_y": 1.0748309197647392, "center_x": -29.43009074456157, "center_y": -38.63641245541617}