{"scale_x": 0.8507800834309741, "scale_y": 1.2126972476736826, "center_x": -109.50130514675891, "center_y": 38.027127204264325}