{"scale_x": 0.9528278783253342, "scale_y": 1.0520861500942915, "center_x": 32.13904754989589, "center_y": -87.4470172523087}